text,llm_predict_value,llm_confidence,ground_truth
Whatever you choose or what the other people are willing to give up .,20.0,0.0,47.0
"Since losing her job, she has not been able to find a new position anywhere.",60.0,0.0,47.0
Now the attys .,12.0,72.0,17.0
I didn't expect it would be so hard to get around but you kind of get used to it.,20.0,65.0,33.0
So just what are the grey 's porpoise ?,42.0,95.0,20.0
Looks and features Hey .,15.0,75.0,6.0
Keep up the good work and if we may be of any assistance to you please let us know .,45.0,0.0,79.0
"In June of 2000, a new Navy destroyer was christened USS Bulkeley.",75.0,60.0,70.0
-LCB- see ( I ) Time Allowed ( 4 ) -RCB- .,75.0,100.0,75.0
HuffPo readers are nothing if not the types who will willingly outsmart themselves.,25.0,70.0,40.0
There is a form at the post office to apply for a new V5 .,25.0,20.0,60.0
"* Liz Cheney caused a big stir yesterday by accusing Obama of visiting Dover just for the publicity, and said Bush used to honor fallen soldiers privately.",30.0,72.0,70.0
Then Mr Hoffman and Mr Arnold want to control the water of Florida to use for more development ?,32.0,0.0,58.0
"And, as always, today I will do what I believe serves their interests best.",40.0,0.0,53.0
"This is our rational to justify a supplemental budget request for the department : 1 ) Cease and desist the practice of "" Certify Forward .",70.0,0.0,97.0
But I had a lot of fun doing health education in an inner - city school .,25.0,0.0,43.0
Plz go to metromonial site ... ...,30.0,85.0,12.0
representing the bad * * * NC !,28.0,90.0,7.0
A good song should make someone go huh ?,40.0,70.0,8.0
Definitely Rush - both physically and mentally .,58.0,92.0,37.0
"i would do grace lynn , the poor baby needs a middle name !",12.0,0.0,17.0
You can just have Appetizers and cash bar .,50.0,60.0,27.0
We all have skeletons in our closet and anyone who says otherwise is lying .,28.0,82.0,37.0
It was for that story the he was presented with a Hugo Award.,25.0,70.0,60.0
Is he a believable delaying tactic until the inevitable Jules/Grayson hook-up?,28.0,80.0,17.0
"She went through a lot but she had a great sense of humour, liked to tell a joke, Butterworth told state radio, confirming Middleton's death.",40.0,0.0,63.0
"He named names as well: ""There's two commentators on Fox that really don't like Barack Obama, Glenn Beck and Sean Hannity, but the rest of us, Greta, Shepard Smith, Bret Baier, myself, we're willing to give the guy the benefit of the doubt.""",30.0,65.0,67.0
Source ( s ) : I ' m a Buffalonian transplant living in New York .,28.0,72.0,38.0
"Yes , she is a vacuous nobody .",12.0,70.0,46.0
"The 1,600 people in Ontario who build Town Cars and Grand Marquis are understandably unhappy about word that Ford intends to shutter the plant, but the Panther has cheated death more than once.",45.0,65.0,83.0
We can now place Google squarely in the software box.,40.0,95.0,53.0
A word Emily herself has uttered a million times .,72.0,90.0,60.0
"The firm will continue its ""Reed Smith University,"" which already offers 140 in-house courses.",62.0,72.0,50.0
The new version is called Internet Explorer 7 ( IE7 ) .,75.0,90.0,63.0
"Photoshop: To call this app Photoshop is almost a misnomeryou can't have anything resembling desktop Photoshop on the iPhone, but you can have a decent photo processing app:",28.0,65.0,53.0
Best advice is to `` never dip your Quill in the company ink . '',50.0,93.0,47.0
used pianos on steinway in astoria queens,12.0,70.0,43.0
So the officer dialed the funeral parlor for the embarrassed nurse .,40.0,65.0,43.0
"In Canada, people are overwhelmingly searching for costumes for two - variations on [couples costumes] dominate the top 10.",58.0,0.0,70.0
"By a majority vote the Board has recommended to Governor Bush that David Moore be appointed to take the place of Sonny Vergera , his replacement .",72.0,65.0,88.0
I made great money in the summer .,20.0,75.0,23.0
Can help it .,60.0,40.0,23.0
Your points about the phosphate severance taxes and the diminishment of the land base are well taken .,68.0,0.0,96.0
This method involves an Internet service called an anonymous proxy server .,60.0,90.0,80.0
The House negotiators accepted the Senate 's tobacco amendment without strings .,60.0,0.0,77.0
"Currently, ClubMac is offering the lowest prices on the new all-in-one desktops, with savings of between $135 and $208 after a mail-in-rebate and an exclusive 3% discount available only to AppleInsider readers.",76.0,65.0,73.0
" The main thrust this year , in such a tight budget year , is that we preserve what we have with the state ,  he explained outside the meeting .",28.0,65.0,75.0
"Where I come from people don't get many chances to do things like this, she explained during a smoke break.",20.0,0.0,37.0
"Clam Bay , which is a designated NIRPA , is listed among numerous bodies of water which Judge Robert Meale and the State DEP have found to be in violation of water - quality standards .",60.0,0.0,87.0
"but I did n't really mean them , and I probably didn ' t then ) .",42.0,85.0,12.0
"Should I share , or censor and share , or not share ?",78.0,60.0,43.0
Emergency workers called to the scene were quoted as saying they believed he was already dead when they arrived.,70.0,0.0,80.0
Vultures Are Stupid Unless Dogs Have Ass lol .,15.0,0.0,3.0
A study by the Lewin Group estimates that 88 million Americans would lose their private insurance if a government competitor is created.,72.0,82.0,83.0
"The State has made a tremendous effort to improve facilities , traffic flow and to manage for the people this spectacular site .",60.0,70.0,92.0
"I Adore Mi Amor , Color Me Badd 19 .",18.0,0.0,27.0
"CFM is cubic feet per minute , that is a volume of air .",60.0,65.0,70.0
"With pigeons, he developed the ideas of ""operant conditioning"" and ""shaping behavior.""",45.0,5.0,77.0
bad if ur apart for too long it could turn out bad,15.0,0.0,10.0
">>Ron Panzer is the founder and President of Hospice Patients Alliance : a nurse , whistleblower and ardent patient advocate , Ron authored the Hospice Patients Alliance Family Guide to Hospice Care and most of the articles on the website at < http://www.hospicepatients.org/ > www.hospicepatients.org",40.0,25.0,67.0
"(Sorry, Jermaine, you're not on the list.)",42.0,62.0,30.0
The agency's inspector general's office has just released documents that were part of its probe into its failures on the Madoff affair.,70.0,70.0,53.0
We watch it on TV and in movies.,60.0,95.0,27.0
"6) Fun, right?",5.0,85.0,7.0
"After Afghan President Hamid Karzai fell short of the 50 percent required to avoid a runoff, a second round was hastily scheduled.",73.0,22.0,77.0
go to http://allrecipes.com they have thousands of cookies !,22.0,80.0,17.0
"Stop stealing iPods , buy your own , READ the manual ...",42.0,85.0,17.0
Find encryption software .,86.0,98.0,88.0
It launched streaming through Microsoft 's (Nasdaq: MSFT) Xbox Live a year ago.,42.0,60.0,57.0
It 's not the only salvo fired by Christian organizations in the ecology debate .,52.0,0.0,47.0
I got that bad in my first pregnancy .,28.0,78.0,47.0
"Interesting stuff , but what does all this have to do with gun control ?",42.0,85.0,17.0
"Hi Lucy , God bless .",18.0,90.0,13.0
why do you study this much,18.0,80.0,13.0
it would n't be a good idea,15.0,85.0,10.0
and no it does n't count as sexually active .,65.0,100.0,17.0
It 's expensive but worth every penny .,20.0,0.0,40.0
"We have invited Michael Van Randen to attend , ( he is the person who keeps e - mailing ) and Victoria Brown , President of the NAOTD.",46.0,70.0,62.0
They do n't function without it !,60.0,20.0,27.0
"The short counter - point to this and the statement "" the physical and biological performance measures and targets used to evaluate "" is that no system - wide measures and targets have been set , thus no numerical evaluation is possible .",34.0,65.0,87.0
Smelly is bad .,12.0,70.0,0.0
Yancey as our new Superintendent of Marion County .,28.0,65.0,58.0
It 's a very easily transmissable virus .,28.0,0.0,60.0
"Yet , the St. Petersburg Regional Office freely violates Title 18 Section 1001 on almost every Veterans case .",42.0,68.0,67.0
Our law enforcement agents annually join forces with local law enforcement in Daytona and Panama City to combat underage drinking and false identification activity .,74.0,75.0,77.0
"I can only imagine how deeply these reports will be buried and we will be spending more money investigating nursing homes in an effort to improve them , but we wo n't have access , so why survey at all ?",28.0,0.0,60.0
"We request that our concerns and comments be read , considered , addressed , and added to the public record .",70.0,0.0,93.0
It 's been difficult without his dad but he 's doing well .,12.0,70.0,23.0
Keep the thumb in constant contact with the spool to prevent backlash .,72.0,0.0,73.0
"IF not , then you ' ll know",28.0,63.0,13.0
try a good homyopath if possible .,15.0,0.0,27.0
We only give the best for what belongs to God .,60.0,70.0,53.0
I would be walking on egg shells from one day to the next one .,18.0,70.0,30.0
Sounds like ringworm .,15.0,0.0,23.0
keep her away from him,20.0,0.0,17.0
I recommend a hot Vics enema .,15.0,85.0,43.0
I think that would be a beautiful sight !,25.0,85.0,37.0
"At the same time, just because things look one way to ""lieutenants, captains and majors"" and another way to ""senior people in the Pentagon"" doesn't mean we should take a dismissive view of the senior people's outlook in a rush to celebrate the insights of the practical warfighter.",63.0,72.0,53.0
"Our channel ReadWriteEnterprise, devoted to 'enterprise 2.0' and using social software inside organizations.",60.0,0.0,57.0
Is Foley a step up from Nick Zano's Josh?,50.0,60.0,27.0
How deep can a submarine go without being crushed ?,25.0,0.0,47.0
"1 ) Buy products with less packaging and recycle paper , plastic and glass .",75.0,95.0,50.0
ONe of them will be in touch .,65.0,75.0,53.0
I have attached the start picture of Oct 6 and my last picture of Oct 26 .,32.0,68.0,63.0
"The much-hyped climate talks scheduled for Copenhagen in December may be a failure before they've even started, according to United Nations climate change guru, Janos Pasztor.",38.0,0.0,60.0
"Well , the Greys were not part of Montauk .",15.0,0.0,30.0
The house eventually met it 's end .,50.0,65.0,46.0
"Obviously, the Washington elites did not fully get the message when Americans revolted by the millions this summer and early fall.",30.0,10.0,53.0
"River Street would be a good start , or maybe one of the nightclubs .",25.0,68.0,27.0
"The DROID's keyboard is less spacious than that of the Samsung Moment that we reviewed earlier today, and we're still not convinced about the positioning of the D-pad where it forces you to stretch your thumb.",35.0,70.0,53.0
The net can be a dangerous place to throw an open question like that .,25.0,80.0,43.0
it is not clear what you want to do where your confidence is lacking .,12.0,0.0,80.0
These can be traded for a compact or full sized (with numeric keypad) USB keyboard and/or a standard USB Apple Mouse (the same model that was formerly referred to as Mighty Mouse).,46.0,82.0,37.0
"My birds get fresh foods everyday , and seeds , so they are fine .",20.0,75.0,47.0
The Developmental Disabilities Program recognizes the value and importance of family togetherness and visitations .,72.0,70.0,87.0
"Just sound confident , and it will all work out .",12.0,0.0,57.0
"Some media outlets even went so far as to put ""body language experts"" on the air, telling disappointed Clinton backers that when Hillary Clinton endorsed Barack Obama, she didn't really mean it.",32.0,74.0,63.0
we have to wait til next season to know for sure .,20.0,0.0,37.0
"To make the room look taller use ceiling white , it does great job .",12.0,0.0,33.0
Antidepressants are really tricky .,50.0,60.0,40.0
a nice silvery gray would look nice or perhaps a cream,20.0,0.0,27.0
"I was like , `` omg , I 'm naked .",10.0,0.0,0.0
We would like you to share a few words about the importance of good citizenship and applaud this group of students for the good citizenship they have displayed during the school year .,60.0,65.0,96.0
"The iron lung, an antiquated device which uses pressurised bellows to force the lungs to breathe, was Middleton's best treatment option.",72.0,65.0,60.0
"Around The Way Girl , LL Cool J 65 .",60.0,85.0,10.0
Earn money by filling out surveys and offers .,18.0,65.0,56.0
Let me know if need more details .,70.0,90.0,43.0
"Dennis gives everything he does 100 % , regardless of the relative importance of the task .",42.0,0.0,63.0
I am afraid I will start using it as a verb very soon .,20.0,70.0,60.0
I guarantee you ' ll cry .,15.0,75.0,20.0
The trees are running you about $ 125 a peice .,12.0,72.0,20.0
This can happen to both boys and girls .,32.0,0.0,60.0
That success has officials optimistic about persuading lawmakers to restore some of their funds .,60.0,75.0,77.0
"The coming confusion of the consumption experience where a user won't care or know if what they are buying is a movie, a game or a music track presents vast opportunity.",60.0,0.0,33.0
What do you think you should do ?,22.0,68.0,57.0
"The integrity of our program , Florida Plate for Paws , and our organization , Florida Voices for Animals , was put in a compromising position by Nan Rich 's bill .",40.0,0.0,80.0
[iTunes] Subscribe to the Podcast directly in iTunes (enhanced AAC).,30.0,65.0,37.0
leprechauns ... coz they are uglier ...,20.0,0.0,0.0
"please get real , we ' re just as bad do n't ya think ... .",12.0,50.0,10.0
We also check in on our two main channels: ReadWriteEnterprise (devoted to 'enterprise 2.0' trends and products) and ReadWriteStart (dedicated to profiling startups and entrepreneurs).,60.0,70.0,43.0
I ' m sure nobody will be reading it anyway .,12.0,0.0,17.0
this is not good .,15.0,0.0,0.0
"Cindy Lovenvirth Manager , Business/Financial Services Brain Injury Assn . of Florida , Inc. 954-786-2400 fax:954-786-2437 "" Brain Injury...It 's the last thing on your mind , '",40.0,15.0,67.0
"Your stand is for a truth that 's just as real as the law of gravity , and those who oppose it are destined to fall .",28.0,65.0,67.0
"The message being sent by legislators to the long term care industry in the state is , do not operate in Florida ! !",55.0,100.0,43.0
"Wouldn't it be great to have PRES. GEORGE W. , GOV. JEB , AND FORMER PRES. GEORGE BUSH at the commissioning of the Winston Churchill in Jan. , 2001 .",25.0,0.0,70.0
we need to say yes or no .,72.0,70.0,23.0
My name is Paul Brock.,50.0,0.0,47.0
"Amazingly , we made a total of 4,284 arrests and seized over 7,500 pieces of false identification in just over 30 days .",32.0,74.0,62.0
The kids now do n't learn about Christmas and the true meaning in school .,12.0,65.0,30.0
It 's all about personality .,68.0,25.0,47.0
"Even more , this is a public school that was a D school until recently when , inspired by Gov. Bush 's mentoring initiative , area business leaders began mentoring the school through the "" Partnerships to Advance School Success ( PASS ) "" program .",46.0,70.0,87.0
"But so far, without Lauren Conrad, 'The Hills' is barely even 'The Knolls.'",20.0,0.0,33.0
Spud : No joy yet .,12.0,0.0,10.0
A drummer What does a timpanist say when he gets to work ?,22.0,70.0,17.0
"Whatever the results are I don't think they portend a lot in dealing with the future, White House press secretary Robert Gibbs told reporters on Friday, pointing to the fact that Democrats won the Virginia and New Jersey governors' races in 2001 despite a very popular President Bush, with Republicans picking up seats in Congress in 2002.",60.0,75.0,53.0
"In the course of doing so , you also consider ISO 's many guidelines .",75.0,85.0,63.0
"It was made by people who took the government 's side , until they investigated .",55.0,75.0,67.0
If he loves you he will try to find a way .,22.0,20.0,50.0
"Well , Yahoo Monitors ... ?",15.0,85.0,17.0
If it is OK then get ready for a rebuilt transmission .,68.0,65.0,50.0
Why does there have to be a fucking reason ?,12.0,0.0,13.0
"From my standpoint , I would be prepared to do this anytime after the Jury meeting on July 23 - just let me know what works for you .",50.0,70.0,62.0
"Rape , psychological abuse , torture , beatings and such are not part and parcel of the rehabilitative process .",80.0,85.0,77.0
We are taught to be racist .,52.0,90.0,40.0
But he will never be with me .,12.0,70.0,17.0
of course ill do whatever you want,12.0,80.0,30.0
That just cost me 10 points .,15.0,0.0,20.0
"Correction , according to this source M stars are the most common .",24.0,65.0,80.0
Recently a second treatment option is under investigation .,63.0,65.0,83.0
Take your business elsewhere .,22.0,60.0,40.0
"If they're pro-abortion, they lose social conservatives.",40.0,0.0,47.0
Give yourself time .,60.0,90.0,30.0
but she will give you the details .,60.0,35.0,23.0
"Update | 2:03 p.m. Per our Times colleague Jeff Zeleny, we're adding Scott Talbott of the Financial Services Roundtable to the list as well.",60.0,72.0,40.0
"If you are considering widespread change , this is the time , sooner is always better than later .",30.0,95.0,67.0
"Respectfully submitted to the best of my ability this 20TH day of September , 1999 . .",85.0,0.0,79.0
"Overseas markets are growing fast, and Yahoo needs to grab a piece of them early.",40.0,70.0,60.0
Looking forward to hearing from you soon .,50.0,65.0,47.0
"Good evening Governor , Excellent work in the appointment of six new governing Board members ( No reappointments took courage ! ) .",52.0,65.0,60.0
"you can say , , como quiera , or de cualquier manera .",12.0,0.0,33.0
Do you mean `` when was Napoleon born '' ? ? ?,75.0,100.0,53.0
"( 1977 , Vol .",60.0,65.0,21.0
whatever happens he will surely win ROLAND GAROS ! ! ! !,12.0,0.0,17.0
All daily tasks fulfill survival needs .,45.0,75.0,63.0
I have been told that there is clear DCF culpability .,70.0,75.0,75.0
Momentum or kinetic energy .,85.0,90.0,53.0
do n't treat them as if they are criminals .,30.0,85.0,33.0
I am confident that in the future she would provide the same high level of service and commitment .,72.0,0.0,90.0
"Luckily for Yahoo, Facebook tipped its hand to developers this week, hinting at major changes that it's planning for the next six months.",28.0,0.0,63.0
Her songs will be erased and will be replaced with yours .,70.0,85.0,40.0
"You have my blessing to forward this to Matt for any suggestions that he might have , also .",28.0,25.0,50.0
"Republican-endorsed Dierdre Scozzafava has suspended her campaign for New York's 23rd district Congressional seat, ""releas[ing] those individuals who have endorsed and supported my campaign to transfer their support as they see fit.""",70.0,75.0,73.0
"Having wasted no time feuding with the girls and playing all the guys, Cavallari leaves us without a gal to root for.",28.0,60.0,43.0
", sit in the ( empty ) bathtub and work with them .",7.0,65.0,27.0
Stop with these questions !,20.0,0.0,27.0
Conflicts of interest between the two regarding Android forced Google CEO Eric Schmidt to first recuse himself from some Apple board meetings and eventually to resign from the board altogether after Chrome OS created further conflicts.,68.0,75.0,80.0
"http://prisontalk.com/forums/forumdisplay.php?s=&daysprune=&f=186 Whatever you want to know , someone here has the answer",12.0,0.0,40.0
"Petty Officer Second Class Nilsa Rivera is something of a veteran in this group, though she cringes at a word that makes her sound older then her 29 years.",57.0,65.0,73.0
The government does n't care about what 's in your best interest .,20.0,85.0,47.0
oh yeah i fully agree with you .,15.0,10.0,20.0
1. Is Levi Johnston screwing with all of us?,25.0,0.0,0.0
"yes , in a awkward way .",12.0,85.0,20.0
CALC is the spreadsheet program you ' ve always wanted .,32.0,100.0,58.0
Don't conservative women feel oppressed?,22.0,72.0,17.0
m 'm 100 % positive .,60.0,70.0,3.0
People who break the law are sent to prison for two reasons .,60.0,60.0,37.0
Most of the colleges that the military will pay for are civilian colleges .,70.0,75.0,57.0
see how the answer is different ?,45.0,60.0,37.0
Talk to him too so he can get to know your voice .,15.0,85.0,43.0
There are masons that still specialize in brick & stone face .,40.0,50.0,50.0
"Wow , how confusing .",0.0,0.0,12.0
Bulkeley had already lived through the harrowing events depicted in Expendable - and been one of the lucky few to escape - when between missions he went to Ford's Washington DC hotel room to say hello.,60.0,0.0,50.0
To establish Alternative Dispute Resolution for legitimate complaints from residents of planned developments .,75.0,85.0,90.0
12 years is prime anger & tantrum time .,28.0,100.0,30.0
He was the pilot shot down in Bosnia in 1995.,60.0,70.0,53.0
"So the dots are pretty easy to connect, no?",18.0,70.0,33.0
`` interesing ! '',25.0,0.0,0.0
( everybody loves gifts ! ),12.0,90.0,8.0
The Horse Industry Alliance used to have a fantastic manual available .,80.0,100.0,73.0
Those who do n't are not worth your time or your friendship .,20.0,75.0,37.0
Thank you Lee .,25.0,75.0,53.0
His idea centers on a high-tech holographic technique he's been testing for use with other musical groups.,42.0,65.0,73.0
"To that end , I encourage you to contact our Office of Tourism , Trade and Economic Development ( OTTED ) to begin work now to develop funding alternatives and strategies that will assist you in meeting the important needs of your county .",80.0,0.0,97.0
It was an extremely hostile takeover .,75.0,0.0,77.0
I think that honest advice that comes from experience would definately help,28.0,85.0,40.0
I hope you feel better soon .,25.0,0.0,77.0
GO TO DOCTORS .,12.0,78.0,7.0
I thought about that and the answer is really that Apple is what media companies are missing.,25.0,85.0,50.0
"Here I Am ( Come and Take Me ) , UB40 73 .",66.0,65.0,44.0
The moon does n't go up or down ... and neither does the sun .,60.0,65.0,37.0
If you were consistant they would know what 's expected of them .,40.0,45.0,60.0
this is a hard one but thinks for the 2 points,15.0,0.0,17.0
"This is my first time on a ship, said Petty Officer Third Class Joseph Dec, 24, a New Jersey native who joined the Navy Reserve last year, as he scrubbed a clean section of air duct.",60.0,72.0,60.0
This was by far the largest turnout for the Debus Award dinner ever ; a tribute to your visit and the importance of your endorsement of Florida 's space capabilities .,60.0,65.0,90.0
Mmmmmm Chicken Caesar .,7.0,82.0,10.0
It appears to be professionally done .,82.0,90.0,60.0
Cameron walks him back to his father and he grabs her rear .,15.0,80.0,37.0
"Jeb , Education is still the most important issue in America .",28.0,60.0,54.0
He argues that authorities violated the U.S. Constitution and the rights of his mentally ill clients while searching for evidence that he broke an anti-rioting law on Twitter.,78.0,70.0,83.0
To a point i agree .,40.0,60.0,67.0
I forgot how much I love the McNuggets until I had children .,12.0,75.0,30.0
We believe them to be important .,68.0,0.0,62.0
Third you must burn the copy .,67.0,60.0,63.0
How'd the casting coup come about?,28.0,70.0,27.0
$ 110 ai n't half bad .,12.0,0.0,13.0
I really do n't know i ' m not an american,18.0,75.0,7.0
There is a picture of a cold nodule on the nodule page . ],40.0,65.0,63.0
Some grades went up two letters .,40.0,100.0,33.0
This is the reaction of ausin at the tips of the plants .,65.0,90.0,73.0
"One night , I heard you talking about Liberty City charter school in Perez - Roura 's program .",28.0,90.0,54.0
Did Levi approach VF?,66.0,60.0,37.0
Your note made a big impression at a critical time in his life --- thank you .,40.0,0.0,57.0
The closing has been a great loss to me .,60.0,0.0,63.0
These represent 3.1 % of all main sequence stars .,72.0,98.0,73.0
"Yes , I believe it will grow outside .",25.0,5.0,67.0
try www.everythingbutwater.com They have a good assortment of sizes and brands Hope that helps !,22.0,72.0,17.0
you wo n't like the job if you are not interested in it .,15.0,0.0,37.0
God bless you .,20.0,0.0,23.0
Indians ... got ta stay loyal,10.0,0.0,7.0
until now :) This is the story of Rindercella and her sugly isters .,12.0,85.0,17.0
"I have one , I love it .",10.0,75.0,23.0
"Tampa , Florida 33629-5009",36.0,100.0,50.0
Just do the eaten amount divided by the whale 's weight .,30.0,90.0,40.0
Hare Rama Hare Krishna group .,15.0,50.0,50.0
Put in in your room .,82.0,68.0,42.0
"For that matter , neither does the child .",40.0,60.0,40.0
"In this edition of the Weekly Wrapup - our newsletter summarizing the top stories of the week - we analyze how Google CEO Eric Schmidt thinks the Web will evolve, review Hulu's latest plans to make money, investigate use cases for Google Wave, ask why VCs aren't investing in Augmented Reality, review the latest Mobile Web statistics, and more.",62.0,65.0,90.0
"Evan Tracey, of TNSMI-CMAG, said according to his analysis, Corzine is well on track to spend more than $20 million by Tuesday when voters head to the polls.",70.0,75.0,80.0
How can u tell me not to fall in friendship when u exist .,15.0,0.0,17.0
DEFINITELY in heat !,12.0,0.0,3.0
quite useful for pwr point presentation .,20.0,0.0,20.0
Remedies for Treating Chlorinated Bath Water offers clear instructions and recommendations .,72.0,10.0,67.0
She asked me to wish you a Happy Halloween!,20.0,75.0,30.0
so many times have u asked this question ?,25.0,70.0,7.0
i always notice the face and personality .,20.0,0.0,37.0
By examining the land and resources necessary to produce the meat and grains that compose pet food they discovered something startling:,85.0,100.0,73.0
Instructors are responsible for establishing and publishing the grading scale applicable to their courses .,78.0,0.0,80.0
"I have done this , only recently , three times , now .",45.0,60.0,47.0
Eat more carrots and it will make your eyes healthier .,15.0,70.0,40.0
"When it comes to holidays, Halloween is one of our favorites.",25.0,72.0,50.0
he was a genius .,15.0,0.0,27.0
lysol ... kills all germs and yucky stuff ! !,12.0,85.0,17.0
I am the only member of the FCC for Osceola County .,65.0,0.0,54.0
It may offer more protections then your debit card ! ! !,28.0,75.0,17.0
The passage of the Comprehensive Test Ban Treaty ( CTBT ) -- and its restrictions on testing the reliability of current nuclear missiles -- would have made that next to impossible .,63.0,70.0,92.0
"In 1987 , I was named Chief of Mission and Representative to the United States for the Inter - American Institute for Cooperation on Agriculture ( IICA ) , a specialized agency for the OAS dealing with agricultural development in the Hemisphere .",70.0,65.0,90.0
There are certainly more pricey Canon,22.0,70.0,43.0
"Just whatever you do , do n't lay waiting for it to pass anymore .",12.0,0.0,30.0
Pumpkins from Simon Willcox on Vimeo.,80.0,0.0,27.0
ONE METAL AND THE OTHER PORCELAIN .,20.0,60.0,13.0
Most farmers use primitive methods of farming and live in abject poverty .,40.0,50.0,63.0
All of these surgeries can be done laparoscopically .,62.0,70.0,83.0
No . I thought it was best to share internally first .,20.0,65.0,23.0
"both , put 'em together",42.0,100.0,13.0
I was up walking around just 2 days after the birth .,18.0,80.0,60.0
You would scrunch the ends with a mousse to get the effect she has .,40.0,60.0,53.0
"* One in five older Americans - about 7.3 million people age 65 and older - reports some degree of vision impairment , even when wearing glasses or contact lenses .",72.0,55.0,80.0
ReelDirector: This is as close as you're going to get to iMovie on your iPhone.,20.0,70.0,40.0
Yeah they do .,60.0,75.0,13.0
"It would be a big morale booster , and I know they need some boosting .",42.0,92.0,33.0
"She also has been enrolled in the Kumon Learning system for three months , which is an after school extra reading and math course .",40.0,0.0,79.0
"And do n't worry , they will get used to the spoon .",20.0,65.0,33.0
Let us get our priorities done first .,68.0,85.0,63.0
"If the candidate is black and male and fills this bill (Michael Williams), great.",28.0,60.0,43.0
Eulogy is praise for the deceased at his funeral .,62.0,70.0,83.0
For a great example of how change is happening see what Britney did today at @BritneySpears.,25.0,0.0,50.0
Any racism is racism .,60.0,75.0,37.0
Is this it?,85.0,90.0,13.0
wtf popular girl .,0.0,0.0,3.0
you have a very nice smile !,20.0,90.0,40.0
", but they have the RIGHT to .",60.0,85.0,27.0
"It matches well , but had vanished from my skin in 5-6 hours .",20.0,70.0,63.0
If it 's a python I would n't advise it .,12.0,70.0,53.0
"Without authorization from me , Robert Mues allowed Doug , Mark Barker , Tony Norvell and others to participate in conversion ( theft ) of all my possessions including $ 150 .",30.0,0.0,73.0
"In addition, to the eyes of a law professor - at least, to the eyes of this law professor - there could be some serious implications (and tremendous opportunities) for law schools here.",70.0,70.0,70.0
sometimes you have to be mean to others for their own good .,20.0,0.0,37.0
"steak , cut in thin strips ( good with venison steak ) 1 lg .",15.0,85.0,33.0
Their primary help number is 850-487-9713..the number is impossible to get thru on .,14.0,0.0,40.0
"One of the wonderful things it does is give you a constant reaffirmation that you're doing the right thing and playing the game the right way, Minkoff said.",40.0,75.0,47.0
Do something that he wouldnt expect .,20.0,0.0,50.0
"The 21.5"" iMac doesn't support video input and provides simpler NVIDIA GeForce 9400M graphics, the same as Apple's MacBook line and Mac mini.",45.0,60.0,60.0
Changes to the means of execution brings the possibility of new appeals .,60.0,85.0,92.0
"For the ship's crew, the voyage and commissioning of the U.S.S. New York is the culmination of many months of work, the point of transformation into an operational warship.",80.0,0.0,77.0
"When feeding our pets takes 17 times more land than feeding our supposedly rapacious electricity demand, it's difficult to argue that energy sprawl, for solar, is a major problem.",50.0,65.0,57.0
"To get the latest edition , send e - mail to one of the addresses below .",31.0,74.0,83.0
"22NASA's Ares I-X rocket is seen on launch pad 39b at the Kennedy Space Center in Cape Canaveral, Fla., Monday, Oct. 26, 2009.",45.0,0.0,83.0
It only benefits the welfare mamas and the deadbeat dads .,18.0,95.0,23.0
Some of the most common are : A male tuxedo cat .,20.0,65.0,60.0
"Love Libba Bray , but I ' ve never read anything by Scott Westerfield .",55.0,100.0,30.0
check here http://www.coloradoriverinfo.com/parker/ its close to Laughlin so there 's casinos,20.0,30.0,25.0
stay away from steroids .,60.0,85.0,43.0
Hume disputes it .,20.0,0.0,60.0
"The more than 1,100 members of the Friends should be thanked for the funds raised .",65.0,70.0,73.0
`` But he 's got the Pope as a chauffeur ! '',12.0,67.0,17.0
i think its ` unique ',38.0,100.0,7.0
the truck is heavily fined and impounded .,70.0,95.0,33.0
Every one simply adores him .,20.0,70.0,53.0
They are in the process of doing this now .,72.0,70.0,60.0
Your past record indicates that you have been a strong advocate for patient rights .,72.0,0.0,83.0
"Up to this point in time , neither my husband nor myself has ever been formally accused of any type of child abuse or criminal act in relation to any of our 3 children , the Schools our children attend , or any School District Personnel .",66.0,15.0,90.0
Maybe it will be of some help !,60.0,0.0,50.0
"do not use anything to clean this , soap or alcohol .",28.0,75.0,50.0
The crawler-transporter will carry the rocket on the 4.2-mile journey to Launch Pad 39B.,72.0,0.0,53.0
I think he 's cool ! ! !,10.0,0.0,27.0
look out we are aliens !,12.0,78.0,17.0
I guess there is something in the paper that prohibits duplication .,60.0,100.0,33.0
Who will determine what is severe enough to make it public ?,32.0,70.0,75.0
so i can know that m 'm better than you,6.0,88.0,13.0
Who knows.,0.0,0.0,27.0
That could provide some welcome GOTV support come Tuesday.,40.0,0.0,63.0
( She was only afraid for the firs 2 months ) .,25.0,70.0,37.0
No less to you now than the mastodon then .,85.0,60.0,17.0
What kind of quality woman would do this with a married man .,28.0,70.0,40.0
"However , ever optimistic , I 'll proceed :",62.0,85.0,44.0
"At level 6,7 You can ask and answer unlimited of questions and vote 100 .",58.0,85.0,60.0
No once the mom dies the babies die just go buy another fish,16.0,85.0,13.0
umm i unoo go to jenny craig,12.0,75.0,3.0
Many in my family have died from this disease .,60.0,100.0,60.0
"But she traded based on that information and passed tips along to another hedge fund manager, Raj Rajaratnam, head of the Galleon Group, according to the indictment.",75.0,60.0,70.0
most of it is psychological .,20.0,0.0,46.0
The best way is to be born in Japan with Japanese parents .,40.0,0.0,60.0
"His personal physician, Dr. Conrad Murray, will almost certainly be charged in Jackson's death by the end of the year.",74.0,70.0,83.0
"In conclusion , we ask to continue striving to serve the State by "" saving "" Medicaid dollars .",60.0,0.0,77.0
they r awesome .,6.0,85.0,3.0
"NASDAQ: It's much more intensive that the stock stock (stock stock stock) app, and comes with StockTwits integration, which provides a little crowd-sources insight to go along with your stream of numbers.",25.0,65.0,27.0
"The final upgrade is in Florida, where Charlie Crist appears to be increasingly vulnerable to Marco Rubio, and where Rubio's momentum could pick up significantly if Doug Hoffman wins in NY-23 (or comes close enough to trigger a recount, etc.)",65.0,75.0,47.0
"Great way to avoid the puppy training , newspapers , chewing ... .",25.0,100.0,33.0
Why do we have all those painful feelings ?,20.0,80.0,63.0
Four of them make a full Orb .,70.0,95.0,33.0
"Senator Burt Saunders has also become involved and personally addressed a letter to you , Fed Exed on October 12th , asking your assistance in the behalf of one of his youngest constituents , Sydney Marie Ryan , to secure a medicaid status .",45.0,60.0,87.0
The chord charts show the fingering .,92.0,85.0,70.0
yes I feel the same .,30.0,70.0,30.0
We are now working with your staff in OPB on a couple of proviso issues that would be very helpful .,40.0,65.0,63.0
The value of continuing to give people some tax - supported benefits even = if they are working comes in the ripple effect .,32.0,70.0,78.0
these dogs are suppose to be guarding the house ... .,28.0,90.0,20.0
"Alongside Speidi, Audrina and the rest of the well-tanned Cali kids, Cavallari reprises the role she stepped into as a teenager on Hills precursor 'Laguna Beach': a flirtatious, manipulative man-eater, all shiny locks and come-hither stares.",30.0,0.0,33.0
"His longtime PR guru, the late Bob Jones, once told me that whatever kind of business contract Michael Jackson signed, he was instructed to announce it to the public by adding a zero.",32.0,65.0,77.0
And I would n't exactly call Iraq and Afghanistan `` harmless '' .,25.0,85.0,27.0
Do this three times and the building will collapse .,60.0,85.0,57.0
"They're selling, too.",15.0,0.0,13.0
"Madison, who counsels more than 100 severely mentally ill patients in New York, seems to have first drawn attention from the authorities at September's G-20 gathering of world leaders in Pittsburgh, Pennsylvania.",70.0,75.0,67.0
go to the local post office .,30.0,25.0,37.0
Especially with a six week visit .,60.0,45.0,37.0
Open doors with your right hand .,28.0,60.0,47.0
I be ha'in cb essa fo fy ` rin Omis .,15.0,60.0,0.0
Do not call attention to people 's mistakes .,65.0,0.0,73.0
We hope to have it on all of the PBS Stations by the end of this month .,45.0,70.0,67.0
"21NASA's Ares 1-X rocket rolls out to launch pad 39-B at the Kennedy Space Center October 20, 2009 in Cape Canaveral, Florida.",60.0,82.0,63.0
A: These previously published entries have been updated with new information in the last 24 hours.,63.0,0.0,70.0
HBIF is already considered in many private and public arenas to be an effective avenue to promote international business and are using HBIF toward that end .,60.0,70.0,83.0
Just maybe you should be running WIndows 2000 Pro .,15.0,85.0,40.0
i stopped a few meters away from it .,35.0,100.0,17.0
"If the State saves Cypress Gardens , you will not only be saving the Gardens , but you will also be giving thousands of people in that county renewed hope in man kind .",25.0,0.0,56.0
Promoter Allocco says the singer told him he had 100 ready-to-go unreleased songs.,40.0,65.0,70.0
Inertia is the force that keeps an object in Motion .,40.0,68.0,80.0
Let cool completely if frosting .,58.0,65.0,50.0
"If you do n't believe this story 's true , Ask the blind man .",28.0,100.0,27.0
When in powder form technetium will burn in oxygen .,40.0,75.0,63.0
I mean it !,0.0,0.0,7.0
"The warrant's vagueness and lack of specificity encouraged the agents to use their own discretion and their own views of the political universe to seize, or not to seize, items which they thought were evidence of a violation of the federal anti-riot statute.",82.0,65.0,77.0
"They first approached the Bronx center, which encompasses the New York City region.",58.0,62.0,67.0
We can reduce those feelings by perceiving the events in a different way .,50.0,0.0,90.0
We stayed outside of the world .,40.0,70.0,57.0
This is some heavy shit .,20.0,60.0,17.0
If they are not try this .,68.0,90.0,37.0
tell her to get off his d i ck and find her own man,8.0,0.0,0.0
its not the size its what you do with it that counts !,15.0,70.0,10.0
FYi .,70.0,95.0,8.0
Al Sharpton is a racist `` nappy headed '' extortionist .,15.0,0.0,27.0
"sounds like they have no reason to leave , do you bathe them too ? ? ? ? ?",15.0,75.0,13.0
"The police also seized mobile phones, citizen emergency kits, manuscripts, posters and even the couple's marriage license.",65.0,75.0,63.0
"Though Congressman Shaw fully supports bringing the Secretariat to Miami , he has many concerns about the issue--particularly about the organization of the campaign and the many groups involved , as well as how the money will be spent .",72.0,70.0,97.0
you probably got one that snores real bad ... ... ... .,15.0,0.0,7.0
make everyone tell her how ugly it is after she gets it done .,25.0,75.0,13.0
"At least one bullet struck her in the side, Che said.",50.0,50.0,63.0
That 's only one of many issues surrounding our election system .,28.0,70.0,67.0
"5On Sept. 10, 2009, NASA and industry engineers lit up the Utah sky with the initial full-scale, full-duration test firing of the first stage motor for the Ares I rocket.",55.0,70.0,63.0
"Do some serpentines , figure eights - not lazy 8 's !",40.0,85.0,13.0
"And, of course, he uses social media to connect as much as possible:",25.0,0.0,47.0
[RSS AAC] Add the Engadget Podcast feed (in enhanced AAC) to your RSS aggregator.,40.0,65.0,43.0
The 154-foot solid rocket motor produced heat two-thirds the temperature of the sun and its 12-foot-diameter cylinder delivered 3.6 million pounds of thrust.,75.0,70.0,67.0
And thus there is energy .,60.0,70.0,57.0
I just bought an Ashley micro suede living room suite .,20.0,70.0,43.0
Have a Happy Wedding !,15.0,70.0,33.0
Chocolate because chocolate is my favorite flavor .,12.0,65.0,33.0
The Great Door of the Great Beast . '',78.0,70.0,50.0
Erick Erickson is correct.,36.0,70.0,47.0
Buffon for goal keeping Beckham C.Ronaldo,15.0,0.0,17.0
Rebellion and defiance are pointless .,35.0,0.0,70.0
But visitor logs released by the White House on Friday show it is indeed true.,40.0,0.0,23.0
Is it about marriage or going to a wedding ?,72.0,95.0,57.0
Line 12 regular size muffin tine with paper liners .,60.0,0.0,38.0
A eulogy is what people say at your funeral .,42.0,70.0,60.0
Here we go again .,62.0,68.0,7.0
"I cut out Red Meat , and fatty foods .",15.0,0.0,43.0
The company behind its sweat-shaking athletic wear is expanding successfully in footwear.,40.0,0.0,53.0
They were just saying of different people .,68.0,85.0,30.0
Its just a natural occurrence that happens so you can have sex .,12.0,70.0,70.0
Sent from my BlackBerry Wireless Handheld ( www .,68.0,98.0,43.0
"Dinner , Again , try to eat healthy .",0.0,0.0,27.0
Wrap each log in clear or colored cellophane or any bright paper .,34.0,82.0,67.0
That's actually higher than they rate Hoffman.,20.0,65.0,40.0
to make them part of it all .,75.0,40.0,29.0
FIRST you should educate yourself .,32.0,55.0,40.0
I do n't know if this can be repaired .,32.0,0.0,46.0
"About 250,000 11th - graders were scheduled to take the TAKS.",68.0,72.0,63.0
I love my LG vx 8300,40.0,75.0,20.0
leaving a good impression on a new teacher is NEVER a bad thing .,20.0,0.0,37.0
THIS ? ?,60.0,90.0,0.0
Try to preach somewhere else please .,70.0,95.0,27.0
its good peer preasure,5.0,85.0,23.0
"I assure you , I am writing from my own experiences and the expeirenes expressed to me by others .",18.0,70.0,67.0
The base model ships with 4GB of 1066MHz PC-8500 DDR3 RAM and supplies 4 memory slots capable of expanding that up to 16GB.,68.0,72.0,53.0
Just do the math .,32.0,70.0,27.0
during the argument probably .,12.0,0.0,13.0
"On April 6, 1996, John Duncan Bulkeley died at the age of 84, and was buried with full military honors at Arlington.",85.0,80.0,70.0
"Murphy : Hallelujah , Jaffar .",20.0,0.0,20.0
Le comente a Miltin que su resume estaba muy simple .,25.0,0.0,50.0
Candidates and outside groups in New Jersey's highly contested gubernatorial race have spent nearly $37 million dollars on advertising since May.,72.0,78.0,67.0
Call the police if need be,40.0,70.0,43.0
The caps need to be put on the legal costs not the plaintiff awards .,42.0,85.0,62.0
You need your lawyer to go back and petition the court .,62.0,68.0,67.0
Grow up and then it will be serious and you can talk about it,28.0,60.0,13.0
"She 's like , `` You want onions on that ? ''",12.0,70.0,3.0
"This , I fear shall alter my perceptions for all time to pass .",50.0,65.0,63.0
"Of course, she also happened to be a woman.",25.0,0.0,43.0
Christmas a time for family and friends,25.0,65.0,33.0
It could be your waist .,50.0,100.0,37.0
"If we can provide you or your daughter additional assistance with your particular situation , please do not hesitate to contact me directly .",60.0,0.0,90.0
We can do a conference call anytime .,25.0,0.0,46.0
And what could a lawsuit mean for them?,60.0,100.0,47.0
That was a lie.,12.0,0.0,27.0
"Let the judges , juries and appellate courts decide these cases , unless you have serious reasons , that you have yet to make public , not to trust them .",68.0,65.0,67.0
He had disappeared without leaving a trace .,40.0,0.0,53.0
some that is always there for you when ever you need her ...,20.0,85.0,17.0
"Yes , I ' m a feminist .",7.0,0.0,60.0
I am reminded of the Chinese character that means crisis that contains within itself the character for opportunity .,62.0,0.0,60.0
"If you believe in liberty, and if you're rejecting tyranny, this is it.",45.0,65.0,63.0
The truth is that the truth about budgets plays almost no role in real politics.,60.0,70.0,53.0
"Obviously the holiday blend is based on Indian , as the continent , customs .",20.0,0.0,71.0
"The letter body is as written , and the signature is real , not stamped .",35.0,72.0,40.0
I feel your frustration .,20.0,85.0,37.0
Unless you have something real to talk about ... do n't call too much .,20.0,0.0,17.0
Summer Rectangle Homes : Summer homes were bigger .,20.0,70.0,33.0
"Seating will be on a first come , first served basis .",50.0,0.0,60.0
It's like riding a bicycle.,63.0,95.0,30.0
" It would be possible to inflate graduation rates and reduce your dropout rate ,  said Mr. Tobias , who is now an education professor at New York University .",75.0,0.0,92.0
Why not go with a pretty pink sherbet punch ?,40.0,25.0,40.0
here is the wikipedia http://en.wikipedia.org/wiki/Robert_Horry here is the you tube http://www.youtube.com/watch?v=xp19op8uK1E,15.0,75.0,30.0
"24The Ares 1-X test rocket lifts off on a six-minute suborbital flight from launch pad 39B at the Kennedy Space Center in Cape Canaveral, Florida, October 28, 2009.",70.0,0.0,93.0
Each attempted replacement will count toward the 15 credit hour limit .,92.0,90.0,90.0
Never sleep in them .,20.0,0.0,50.0
"This, combined with ties to an online service and the fact that this, unlike almost any other similar app, is free, make it a must-download.",25.0,0.0,30.0
the satellite time has been pushed back to 3:30 to give us a little buffer .,28.0,80.0,53.0
See previous winners of the Friday Consumerist Flickr Pool finds here.,60.0,70.0,40.0
NASA's Constellation Program's 327-foot-tall rocket produced 2.96 million pounds of thrust at liftoff and reached a speed of 100 mph in eight seconds.,85.0,0.0,53.0
"You will be satisfying the thirst , which is confused for hunger .",45.0,0.0,67.0
Its not worth the effort and cost .,12.0,70.0,43.0
I would really be interested in the major issues with each dept .,25.0,0.0,70.0
It was trying so hard to be the next great American horror film .,20.0,80.0,60.0
"Well, man, it does.",22.0,65.0,13.0
but reduce it and get exercise .,50.0,92.0,33.0
it also meas lots of love ... depends on how u mean it !,12.0,0.0,3.0
"in hiduism , there is millions of gods , lots of sects and castes .",12.0,32.0,40.0
no it means ur bed is too short,0.0,0.0,10.0
Because I do n't go lookin at other guys ... .,18.0,75.0,20.0
"And the leader of The View, Walters, made O'Reilly plug his own book after he cracked a joke about Rosie O'Donnell.",32.0,70.0,53.0
Now with a Source!,78.0,82.0,30.0
"Your population is projected to be about 300 million as the current birth rates, which are among the highest in the world, continue - 2.6 birth rate.",30.0,0.0,70.0
The rain in Spain lies manly on the plane .,25.0,60.0,70.0
I started wearing make - up in the 5th grade .,20.0,60.0,53.0
"If , in fact , the school district attempts further retaliation against any member of my family , I wish to have this letter in place for protection .",60.0,70.0,90.0
"You are right , most dogs do this for a dominance purpose .",18.0,20.0,50.0
A medical or pharmaceutical researcher .,65.0,0.0,67.0
This will allow me to spread the word about the importance of taking care of your health .,40.0,0.0,63.0
More than a fair share of these lowlifes seems to have surrounded Mike Moskowitz .,25.0,60.0,23.0
"The new 27"" iMac, along with its smaller 21.5"" partner, also sport higher quality IPS LCD screen technology, resulting in spectacular color, contrast and wide viewing angles.",48.0,65.0,50.0
I apologize for its length the night before we are to meet - but I wanted to get my thoughts on paper .,30.0,0.0,83.0
McAfee products are notorious for being difficult to remove .,40.0,85.0,57.0
A police officer found her body early the next morning in nearby woods .,60.0,0.0,60.0
When do we get a new Education Commissioner ?,72.0,60.0,57.0
"I asked for a river , he gave me an ocean .",90.0,90.0,47.0
"and so are you , so you should n't be speaking .",38.0,80.0,7.0
Yes and very confident ! ! ! ! ! ! ! ! ! ! ! ! ! !,10.0,90.0,7.0
"Then it got bad again and I said screw it, Vanity Fair article.",20.0,0.0,23.0
I am open to any of your thoughts--I would appreciate the extra 300 .,20.0,0.0,27.0
"It actually looks quite a lot like the music business model I suggested back in 2003, so it's nice to see someone making it work directly.",22.0,0.0,53.0
Google announced that it was working on this Social Search feature at the Web 2.0 Summit last week.,68.0,0.0,73.0
"8In High Bay 4 of the Vehicle Assembly Building at NASA's Kennedy Space Center in Florida, the Ares I-X upper stage simulator service module/service adapter (left, center) has been installed on a stand.",85.0,78.0,70.0
"Trance songs were included in the heroin flick , Trainspotting .",12.0,0.0,57.0
"Waugh added that his own political sources had also tipped Reinfeldt for ""displaying exactly the skills needed by a new European Council president.""",70.0,82.0,70.0
"We have just witnessed a woman, a moderate in her party, be awarded the nomination of the Republican Party, and then have it brutally snatched away from her: first by the fringe elements within the party, and then by some of the party regulars (including, ironically, Sarah Palin herself).",65.0,60.0,47.0
1898 Edwin Prescott patents the roller coaster .,40.0,25.0,53.0
try it out sometime,32.0,60.0,20.0
"I am going "" on the road "" to deliver the department 's message over the next week .",20.0,68.0,50.0
"By the way , congrats !",15.0,0.0,27.0
try restarting your PC and going to Internet explorer .,22.0,92.0,40.0
Maybe an ex - customer is suing her or something .,20.0,0.0,20.0
"As they are not human , they have no rights .",25.0,0.0,63.0
"After over eight hours use, with push email and Exchange active, WiFi and Bluetooth turned on, and plenty of use, we were still seeing 30-percent remaining charge.",45.0,60.0,53.0
Both man have many years of experience in international competition .,30.0,0.0,63.0
REAL men do n't care what colour they wear,28.0,65.0,33.0
"It is merely whole - hearted Bolshevism , under a tinsel of metaphysics .",47.0,60.0,63.0
moreover you want to go to college .,28.0,0.0,40.0
We actually do the microchipping also when they are there for spay/neuter .,30.0,50.0,50.0
"Fox News' Colby aggressively pushes ""so-called death panels"" smear",40.0,65.0,57.0
i have always been perplexed by the 18 hour bra .,12.0,65.0,43.0
Its intent is still the same as the trophies - get players to wring every last drop of value out of the game.,40.0,60.0,43.0
It's free!,20.0,0.0,20.0
Personally I think that the owners should be held responsible .,40.0,65.0,70.0
The department is overwhelmed with callers and can not answer the calls .,40.0,72.0,60.0
Those who are open to illumination .,85.0,90.0,53.0
Adam,82.0,85.0,28.0
GAWD I certainly hope so !,0.0,0.0,3.0
If He was who he said he was everything He ever said was truth .,32.0,65.0,17.0
"first , GO BUCKEYES !",28.0,0.0,3.0
Possible ideas ... Baby clothes ; Diapers ; wash cloths ; Baby powder .,20.0,0.0,40.0
This is a great outline of what we should look at in reforming tort reform for the Great State of Florida .,40.0,0.0,73.0
"China's growing addiction: online farming games - ""A new agrarian revolution has occurred in China, but only in the virtual worlds of social games.""",68.0,70.0,67.0
Previous studies provide conflicting results about the incidence and severity of lupus nephritis in patients with a history of lupus who have undergone a kidney transplant.,85.0,0.0,57.0
"Best car ever made , so I ' d say it could beat an enzo .",15.0,0.0,10.0
The answer to your final question is yes,45.0,0.0,54.0
Available from good chemists .,25.0,60.0,60.0
"And part of the subtext of the Afghanistan debate is that as a matter of bureaucratic warfare, it makes enormous sense for the currently ascendant COIN faction to try to press its advantages - to exaggerate the extent of what was achieved in Iraq in 2007, and to overstate the strategic significance of achieving some kind of comprehensive success in Afghanistan.",70.0,60.0,67.0
it 's one of the biggest holidays of the year .,6.0,65.0,27.0
This is the 3rd major incident in 3 weeks in this District .,30.0,0.0,53.0
I want this stopped now .,90.0,95.0,38.0
"Nope , mine are even different styles !",10.0,0.0,17.0
"As we noted two weeks ago, that vote was shaping up as logistical train wreck:",45.0,65.0,53.0
A heating pad may also help .,40.0,0.0,50.0
* * * * * p.s eggs are the highest quality bio ready available protein you can eat .,15.0,0.0,27.0
Juliana became queen of the Netherlands .,60.0,70.0,63.0
"If she refuses , you call social services and say she 's on run .",18.0,92.0,37.0
I love the naughty babes .,14.0,80.0,40.0
"The interim Manager , Bill Moore , has since informed Me that NO investigation into the voting irregularities of JOHN CUMMINGS will be forthcoming due to the fact that , as Mr. Moore stated , Richard Crotty will not permit any investigation into this matter to avoid the embarrassment it would cause to Orange County Government .",47.0,72.0,88.0
"256mb , plays damn near anything and is less than 200 bucks !",15.0,0.0,17.0
"God created the universe , and mankind as the pinnacle of his creation .",52.0,70.0,77.0
Lewis Edson Waterman invents the first practical fountain pen .,50.0,75.0,90.0
This is the central truth of Christianity .,72.0,40.0,67.0
Further improvements led to the introduction of Duralumin in 1909 [ 2 ] .,78.0,65.0,93.0
"So the RNC today endorsed the Conservative Party's candidate, Doug Hoffman.",25.0,0.0,70.0
"It's argued that instead of any genuine insight into politics on the ground these days, they didn't want to repeat the Tedisco mistake, judged it based upon purely out-dated male/female lines, and were going to go with a female no matter what.",30.0,60.0,73.0
can make so much money that they cover the airways with advertising .,12.0,65.0,23.0
Chuck Norris can divide by zero .,12.0,0.0,33.0
But they were n't aware that the phrase actually translates as ` Railway ' .,20.0,0.0,80.0
Chicago has about 4 too .,5.0,65.0,23.0
You ' ll never have trouble raising children after being with this lot .,20.0,0.0,33.0
"The Siena Research Institute poll shows Democrat Bill Owens and Doug Hoffman are neck-and-neck, with Scozzafava far behind.",70.0,0.0,70.0
"Do n't sell your role short---teachers like you matter in a world where today 's Cecilia story goes like this : "" Mom , Miss Summas upped and decided she 'd add 10 points to everybody 's test grade since most of the class did so poorly on it .",18.0,60.0,50.0
Remember to keep your foot size in mind when buying a board .,40.0,60.0,57.0
"I close on a hopeful note , by repeating what I said above .",23.0,90.0,67.0
End each sentence with punctuation ?,68.0,100.0,37.0
I ' d say earth .,15.0,0.0,17.0
"In these situations , actions often speak louder than words .",45.0,0.0,47.0
"Individuals with a history of lupus who receive a kidney transplant rarely develop the serious inflammatory condition lupus nephritis in their new organ, according to a paper being presented at the American Society of Nephrology's 42nd Annual Meeting and Scientific Exposition in San Diego, CA.",85.0,88.0,87.0
I am having my assistant overnight to you a packet of material regarding the Tort reform passed in Ohio .,35.0,0.0,62.0
The first Clerks was in black and white .,40.0,65.0,70.0
"Sincerly , Samantha Wimberly",60.0,0.0,73.0
read tips on treating acne and more on skincare to help you on this site,62.0,85.0,33.0
"It's become the Bartz shtick: Blast Yahoo's current malaise as unacceptable, tweak the old management and then vow to fix things - fast.",18.0,0.0,47.0
sounds hot to me,65.0,90.0,3.0
you need to take the cat to a vet .,25.0,0.0,33.0
"It is long and in draft form , but if its acceptable , I 'll clean it up and distribute it widely .",25.0,0.0,73.0
We gave him extra candy and Meade took off the mask and acted especially friendly.,25.0,0.0,50.0
"While some will attempt to portray the outcome as meaningful in the midterm contests between the parties, it's hard to see how a conservative winning in a district controlled by the Republicans for over a century will say much of anything - except that the GOP's activists who were annoyed by the nomination of a Republican who some viewed as more liberal than the Democrat in the race will be able to say that their party's values were upheld in the district.",55.0,60.0,57.0
"Vice President Gore , who has been with the Clinton administration for more than six years , has not separated himself from the views of the administration , which has waged the most vicious war on medical marijuana users of any presidential administration .",70.0,65.0,92.0
There should n't be any side effects .,20.0,0.0,37.0
"get away , far away",12.0,65.0,10.0
We love it .,2.0,0.0,30.0
But is it a lie if you fooled yourself into believing it ?,20.0,60.0,43.0
"I am writing in support of the "" Early Child Representation "" Program recently approved by the legislature for Voices For Children Foundation ( VFCF ) .",70.0,65.0,97.0
BlackBerry.net ),68.0,0.0,58.0
You are right .,40.0,0.0,70.0
Seems like an Italian word for peppercon .,48.0,88.0,43.0
I hope you are like 5 or something .,10.0,0.0,7.0
chunky and the coon tails,12.0,70.0,0.0
Clio - us f. [ the Muse of history ] .,90.0,90.0,60.0
" Jeb Bush  < jeb@jeb.org > To : Kathleen Kearney/D20/DCF@DCF , Larry Pintacuda/D20/DCF@DCF 06/11/02 04:51 PM cc :",60.0,0.0,46.0
"Secondly , why are you trying to turn spirituality into a racial controversy ?",25.0,70.0,67.0
I would n't do anything to risk the health of my child .,25.0,60.0,50.0
Here's a post for a relatively slow Friday afternoon: two ads for Bing that vaguely tie in with Halloween.,25.0,80.0,37.0
a rubix cube and some leg warmers,15.0,50.0,20.0
"New Jersey-based concert promoter Patrick Allocco of AllGood Entertainment, a man who had direct dealings with Michael Jackson, says, ""Anything you could put Michael Jackson's image on was already being offered the minute he made that announcement in London. T-shirts, coffee mugs, key fobs, glasses - there was even a little doggie carrier for sale.""",72.0,75.0,40.0
"By being a lead investor in these projects , Golden LEAF will leverage an estimated $ 150 million to $ 200 million in total investments in new and emerging companies in the life sciences .",72.0,65.0,90.0
Pregnancy does affect eye sight .,30.0,0.0,53.0
You know that the FCAT is not a bubble test .,52.0,70.0,46.0
Who are your friends ?,25.0,0.0,50.0
That means two adults who agree to something .,25.0,75.0,60.0
U should try the cheat - code site there will u find lots of cheat .,12.0,0.0,3.0
"But the political argument against focusing on the deficit is even stronger than he realizes - because there are very good odds that even if Obama exhibited iron fiscal discipline, voters wouldn't notice.",62.0,65.0,67.0
There 's a ton of ignorant people out there .,15.0,70.0,30.0
"Extrapolating from the morning's Siena poll, that would produce a result of Hoffman 43, Owens 42, Scozzafava 5, with 10 percent of the voters still up for grabs.",75.0,0.0,77.0
"Last year Miami - Dade County had an estimated 1,500 admissions for Sickle Cell patients and these patients spent 12,000 days in the hospital .",70.0,70.0,79.0
"This year, she dressed as Whore-othy from The Wizard of Valtrex, and forced her burrito heir boyfriend, Doug Reinhardt, to wear the same shit.",12.0,70.0,37.0
Hybrid media packaging with both files and an application layer in the cloud is core to a lucrative future.,70.0,75.0,57.0
Among the three most closely watched off-season elections - including an open governor's race in Virginia that the Democrats apparently are poised to lose despite the efforts of President Barack Obama there - none is more peculiar than the contest in New York State's remote and farflung 23rd Congressional District.,80.0,0.0,70.0
"Yes , but that does n't make it rule any less .",15.0,0.0,23.0
At some point we are no longer rendering assistance but colonizing them militarily .,42.0,75.0,50.0
It will only lead to trouble .,20.0,0.0,37.0
I would make sure he has regular potassium checks on his blood .,38.0,65.0,67.0
These companies will provide jobs and increase the tax base for state and local governments .,60.0,0.0,80.0
DO I NEED TO ASK MY MOM AND DAD ABOUT THIS ? ?,8.0,0.0,23.0
The other person will appreciate your interest - especially in a large crowd .,42.0,70.0,57.0
Now on to the business of the State and County .,72.0,92.0,58.0
She ' ll need it .,25.0,65.0,40.0
20The driver of the crawler-transporter slowly maneuvers the huge vehicle under the mobile launcher platform holding the 327-foot-tall Ares I-X rocket at NASA's Kennedy Space Center in Florida.,75.0,60.0,83.0
Kenny ... `` You killed Kenny ... You B_Tard ! ! ! '',8.0,90.0,17.0
It will look pretty but natural .,75.0,0.0,57.0
"It seems to me that everybody wants to take away patients rights , rather than focus on the real problem .",25.0,70.0,46.0
The reaction from feminist women when told to quit whining?,25.0,70.0,30.0
I ca n't remember the name of it .,65.0,100.0,20.0
"Nevada and Mississippi are at the bottom of the list, except for the non-state of the District of Columbia where only 43 percent believe their wallets would be returned.",52.0,65.0,57.0
"Look into Cica - Care , which is < < a unique product for improving scars .",42.0,68.0,43.0
This is exactly what liberal critiques of reform do not predict .,45.0,100.0,70.0
Check with your doctor before starting any weight loss program .,65.0,0.0,70.0
My wife and I think that you are doing a remarkable job and pray that it continues as you are faced with some major decisions .,50.0,75.0,50.0
"Though the immense scale of the investment was clear during the President's announcement, the flood of reports from news outlets across the country has been overwhelming.",70.0,65.0,73.0
"Metallica , WASP , Dio , Iron Maiden , Judas Priest",25.0,85.0,20.0
I think you are very talented .,20.0,70.0,53.0
The sheet cake was only going to be about $ 50 .,25.0,0.0,63.0
I would recommend this to anyone,20.0,50.0,57.0
Any new route would be north and west of the original plan .,50.0,0.0,63.0
Pretty Ricky because they have pretty voices,12.0,0.0,10.0
There is a soul .,40.0,0.0,50.0
We will be briefing Wayne McDaniel on Wednesday of next week .,65.0,0.0,73.0
"A documented record of success in administration , worker 's compensation insurance , teaching and on - shore management of an offshore captive corporation , * Director of Claims Management , Mercy Hospital 1997-1999 .",60.0,70.0,92.0
she actually used her head for once .,25.0,0.0,13.0
Here We Go .,18.0,75.0,40.0
"Another upgrade comes in Pennsylvania, where there's been some further polling to suggest the degree of trouble that Arlen Specter is in.",58.0,72.0,83.0
We request that you vote against the expansion of the existing church facility known as Cape Coral Community Church and the additional three proposals and phases being requested .,66.0,70.0,90.0
The rest is history .,25.0,70.0,47.0
The donations were just beyond anyone's imagination.,50.0,0.0,60.0
Haley Nicole sounds beautiful !,15.0,0.0,40.0
major mistake 3 : finding the elephant garlic is NOT irrelevant .,28.0,70.0,17.0
"Gateway Pundit: Clinton ""[a]dmits"" ""that the democrats tax everything that moves.""",20.0,12.0,60.0
He was not in volved in the crime amd needs someone to read the court transcripts ?,12.0,85.0,53.0
Well u shouldve told her parents if u were a true friend ! ! !,15.0,80.0,3.0
Dogs do have feelings .,30.0,60.0,47.0
It 's about 15.00 for a squirt behind the neck .,20.0,72.0,40.0
Supplements like evening primrose can also help .,40.0,0.0,50.0
;) Just play with baby .,12.0,70.0,3.0
Varies from individual to individual .,85.0,68.0,63.0
C'mon down !,12.0,70.0,0.0
The present is all there is .,72.0,70.0,53.0
"They're not buying an album, raving about it, and losing interest after a few months, they're constantly spreading my name to their Twitter followers, coworkers, pets, etc.",32.0,60.0,40.0
take the battery out and let it dry out for a day or two .,22.0,70.0,53.0
I hope this helps your project .,70.0,95.0,57.0
How about a nice study bible with a nice cover .,20.0,0.0,33.0
They helped one of my uncles die NATURALLY in New Jersey .,20.0,60.0,12.0
Rutgers lost the national championship .,50.0,0.0,73.0
Its an overcrowded bus .,12.0,0.0,23.0
Swiss Army for me !,12.0,70.0,17.0
they r realy stupid .,12.0,0.0,0.0
# All roads lead to Chuck Norris .,85.0,100.0,12.0
The other thing you could try is cutting your toe - nails .,25.0,0.0,46.0
God and His Goodness is more powerful than any one man on this earth and these sweet people need to know that .,35.0,70.0,42.0
"The 2017 budget deficit or the potential economic impact of a manufacturing plant closure in Georgia is not the kind of thing a lieutenant, captain, or major serving in the field is going to think about.",60.0,0.0,53.0
And a little robot keychain michele gave me .,15.0,0.0,20.0
Thanks for listening .,72.0,87.0,37.0
To those who support me - and to those who choose not to - I offer my sincerest thanks.,72.0,70.0,43.0
I agree with Ann O !,52.0,70.0,30.0
"If drugs policy, why not also tax policy?",70.0,90.0,43.0
lust is healthier than love,12.0,60.0,23.0
"There 's nothing wrong with a profit , but THIS is ridiculous !",15.0,50.0,33.0
"Dog food contains plant - derived nutrients too , and it 's important they get these .",25.0,70.0,83.0
The case of Stephanie proves how ineffable charisma and crowd appeal really are .,65.0,60.0,93.0
Penguins > devils : P,35.0,50.0,7.0
Conseco Fieldhouse for Pacers,78.0,85.0,42.0
"I am a Florida actor , and this is an important issue .",22.0,65.0,50.0
The police called from the town he was working in .,40.0,0.0,43.0
"Foot stomping, personal and often - ironically enough - sexualized attacks, and more whining.",20.0,60.0,27.0
"This legislation would make it very difficult for injured consumers and the families of many sick and injured children to sue and obtain adequate compensation from the companies responsible for causing their injuries , destroying yet another safety net for many vulnerable children and families .",65.0,70.0,80.0
I probably unlike the vast majority of your constituants have been to Europe and I did not claim anything with customs when I returned because I could not afford to spend up to the limit much less exceed it by such an amount .,30.0,50.0,77.0
Governor - I hope the original of this letter made its way to your desk .,78.0,20.0,70.0
The ones that are taken ... er ... yeah that 's a good answer .,12.0,0.0,20.0
Read,78.0,25.0,7.0
The American people do not need more symbolism.,55.0,0.0,63.0
Some just do n't have film .,45.0,85.0,27.0
That will catch keyloggers .,68.0,85.0,33.0
Happy Halloween.,65.0,68.0,13.0
I am proud of the response at the local and state level .,58.0,0.0,75.0
of assistance with the situation .,65.0,0.0,33.0
Depending on what you are worrying about try to relax and practice positive thinking .,45.0,0.0,57.0
Or education policy?,10.0,85.0,17.0
"Hail Hail ( to all Bhoys AND Ghurls , worldwide ) Btw .",18.0,80.0,20.0
"Some couldn't muster even that, struggling with the gentle but insidious side-to-side roll of the ship.",40.0,0.0,63.0
"If you do n't obey , you are only fooling yourself .",22.0,0.0,46.0
Please PLEASE add : Tom Cruise and his deer - in-the-headlights wife Katie .,20.0,70.0,33.0
all i know about clam chowder is from the simpsons .,25.0,70.0,30.0
Few words will do .,68.0,60.0,67.0
The Holy Trinity of the American Progressive .,35.0,0.0,43.0
are you actually a female ?,68.0,65.0,17.0
"She supports abortion, big government, ACORN, and unions.",25.0,0.0,57.0
And she goes even greener by waking up at 5 a.m. to cook overflowing deliveries of local produce.,25.0,80.0,40.0
"If you want abs , sit - ups are the way to go , man .",15.0,75.0,10.0
They have rough and dirty animal sex .,20.0,75.0,20.0
"No , there was n't .",42.0,92.0,20.0
"However, as Winston Churchill once said, Democracy can be a fickle employer, and the road to public office is not always a smooth one.",70.0,65.0,67.0
Ms Tracy listened,68.0,0.0,37.0
Probably because the people advertising such services are con artists and not serious witches .,25.0,70.0,53.0
The tax cut info was awesome .,15.0,65.0,12.0
What a load of crap .,8.0,0.0,3.0
They usually have a good selection .,15.0,0.0,47.0
Not all Yahoo servers have this facility .,58.0,72.0,77.0
yes i think u should tell her u need some space,12.0,70.0,13.0
Is it having an impact ?,60.0,90.0,50.0
They should have done the same - it is a competition !,25.0,60.0,53.0
"Like the pythons , Boas have anal spurs .",28.0,85.0,37.0
I 'm very relieved to hear that .,28.0,65.0,47.0
It is the only way to for media companies to weather the coming tsunami of increased bandwidth and the ever open web.,20.0,0.0,70.0
"No , I have to disagree w/you .",12.0,78.0,30.0
"For Petty Officer Rivera, the experience has got her thinking about signing back up for active duty, but she wasn't sure.",35.0,65.0,60.0
Murphy : Absolutely .,15.0,0.0,50.0
The fans who would follow you to the end of the world and purchase whatever you came out with.,28.0,72.0,27.0
Removing a large chip is certainly a good idea .,68.0,85.0,57.0
Stop hiding behind `` I am a black person . '',65.0,70.0,27.0
I have to be in the mood for it .,60.0,85.0,43.0
a clot in the blood stream.coagulation of blood in the bloodstream .,22.0,70.0,30.0
No training is worth that .,60.0,70.0,47.0
"Adrianne Curry , i like her !",12.0,85.0,7.0
"There's a Long, Long Trail A-Winding is perhaps Russell's most outstanding ghostly tale.",40.0,0.0,53.0
Where did you get that from ?,30.0,85.0,23.0
* The amusing thing about the right's claim that Bill Ayers and Jeremiah Wright visited the White House is that officials made it clear on the very first page of the document dump - even before the names! - that the duo weren't who they seemed to be.,25.0,0.0,70.0
"Realism is when the painting is realistic , almost like a photo .",30.0,80.0,60.0
"Well, tough cookies, mister.",28.0,70.0,33.0
"In the accompanying article - don't forget, things to read are in there - Vogue darling Sally Singer decides to reduce her environmental impact - kind of like when Kimora Lee Simmons did it for her reality show Life in the Fab Lane.",18.0,72.0,63.0
"Just compare Sinegal's contract with that for the CEO and president of Costco competitor BJ's Wholesale (BJ), Laura J. Sen.",75.0,95.0,47.0
Bayern wins 2-1 today .,25.0,60.0,50.0
Marshawn Lynch It all depends on what teams they go to .,20.0,70.0,17.0
He pulls over and the trooper comes to his window .,35.0,72.0,43.0
so it shows up better on 98 % of clean cars = ),22.0,0.0,10.0
please return to reality .,10.0,0.0,40.0
They're making it kind of a pain in the ass again (to see Trip).,8.0,0.0,7.0
And why isn't he?,38.0,70.0,30.0
Fateful Night in Togenkyo ( Part 1 ) 58 .,70.0,90.0,70.0
-liza,2.0,92.0,30.0
"Whether as a candidate for Congress, a State Assemblywoman or a small town Mayor, I have always sought to act with the best interest of our District and its residents in mind - and today I again seek to act for the good of our community.",65.0,70.0,77.0
Line dancing the achy breaky in a country bar ?,55.0,75.0,17.0
Skinner compared this learning with the way children learn to talk -- they are rewarded for making a sound that is sort of like a word until in fact they can say the word.,40.0,78.0,77.0
I wish we lived in Florida and could support you directly -- maybe you 'll run for President one day ? ?,22.0,90.0,33.0
"Ares I-X is the test vehicle for the Ares I, which is part of the Constellation Program to return men to the moon and beyond.",60.0,0.0,67.0
It truly depends on the individual .,80.0,70.0,53.0
I opted to take the plunge sooner with the DCR - SR100 .,22.0,65.0,43.0
i saw them at babys r us .,0.0,0.0,13.0
"Yes , unfortunately that picture depicted is very true .",15.0,60.0,67.0
Greenland is a dependant territory of Denmark .,60.0,75.0,90.0
"If Google home page , clk Tools / Internet Options",40.0,95.0,33.0
"driving with an overly rich engine can cause damage , slowly but definitley .",25.0,60.0,30.0
Hang in there !,10.0,0.0,10.0
Primed for a total screwing over .,20.0,0.0,20.0
"If the wall uses more force than you , then you will move .",30.0,60.0,50.0
I ' ve heard of this before .,10.0,0.0,30.0
We appreciate your willingness to work with our office .,65.0,70.0,80.0
Salvage material is worth what someone is willing to pay for it .,40.0,60.0,53.0
( Another photo of the accused can be seen here . ),42.0,65.0,58.0
this is a huge advantage since shirts are easy to stain .,12.0,70.0,30.0
Just drag the songs you want from you Itunes library playlist into the ipod .,25.0,85.0,40.0
if you see some point them out .,42.0,72.0,47.0
get checked out .,28.0,75.0,17.0
Today 's youth is denoted by energy - abundant and enormous energy .,38.0,65.0,80.0
You ' ll just know .,60.0,30.0,23.0
The dog probably does get sad when your friend is away .,25.0,0.0,47.0
I ' m with Tonks op all the Harry potters .,12.0,65.0,3.0
Try to put yourself in that puppies place ... Try to understand him .,28.0,80.0,20.0
Human species crave companionship just like all other species in their own unique ways .,25.0,0.0,77.0
While there is a caution against pepper where the stomach,72.0,92.0,37.0
He always makes it to Oregon before you .,50.0,0.0,23.0
"Sir , my guess is that they,us,the electroate are not going to remember the judge in this case , but they will remember you had a chance to throw your weight into this .",23.0,0.0,70.0
Or is it possible you already know about this information ?,20.0,0.0,47.0
a 4 ohm speaker requires more power than a 2 ohm .,15.0,65.0,47.0
"If you experience any problems receiving this information , please e - mail the return address provided , herein .",78.0,0.0,96.0
"I have taken the test every time that the test has been offered , so in January of 2001 , I took the test over again , but this time I passed the English part of the test .",32.0,5.0,50.0
"Like cages full of birds , their houses are full of deceit ; they have become rich and powerful and have grown fat and sleek .",68.0,70.0,47.0
And iam not trying to be funny either .,25.0,85.0,7.0
hello friend I am very happy we can discuss about business experience .,12.0,75.0,43.0
I just * love * the old school dons .,12.0,80.0,27.0
Thank you for inviting me to your Educators Leadership Summit .,50.0,80.0,75.0
Sometimes a tighter choke is n't better .,12.0,0.0,50.0
Does he come home to u for his vacations ?,10.0,0.0,7.0
And we waste far too much energy trying to categorize it.,28.0,75.0,47.0
"According to an article in AmLaw Daily: The firm has revamped its associate model, doing away with associate classes based strictly on entry date in favor of three associate groups that will have formal training from the time they enter the firm until they are ready to be considered for partnership. . . .",78.0,72.0,83.0
He was such a great dog .,20.0,90.0,50.0
"Yes , but only from the state you were employed in .",22.0,65.0,80.0
Expand the DVD/CD ROM Device branch .,82.0,98.0,50.0
"I'm theorizing that they've been taught to treat people who are ""different"" as they would treat anybody else.",40.0,72.0,53.0
do n't wear ponytails too tight .,22.0,78.0,20.0
They mark up the prices to offer reduced `` savings . '',20.0,0.0,57.0
It 's like that .,20.0,75.0,17.0
And nothing is done .,15.0,70.0,43.0
WTF WHAT IS THAT EMAIL ME ! !,0.0,0.0,0.0
crumbs from lunch ?,32.0,70.0,7.0
"The answer includes an ambitious list of ways, including using your notebook to record prices for future comparison - is the sale in front of you really a sale or just money off an inflated price?",62.0,66.0,67.0
i hope you can give me some suggest about my product .,12.0,0.0,53.0
Got to a really nice restaurant,15.0,70.0,7.0
Because split ends are ugly,60.0,0.0,3.0
twice a year .,15.0,0.0,10.0
These are people who will soon be arrested for `` national security '' reasons .,18.0,70.0,40.0
japanese is a really difficult language ! ! !,22.0,0.0,20.0
"The deadline for applications is November 13, 2009.",65.0,0.0,67.0
"After two hours or less , susceptible cats gain interest again .",20.0,95.0,58.0
"If you ' re wearing closed toe shoes , then wear pantyhose .",15.0,85.0,57.0
"Further , despite suggestions that the cost for this program could be phased in over a period of years , it is highly unlikely that a state having determined that KI is necessary , will want to wait for one or more years to obtain their KI supplies .",70.0,0.0,87.0
The transfer of the pad from the Space Shuttle Program to the Constellation Program took place May 31.,82.0,28.0,67.0
"PLEASE DO NOT SIGN THIS INTO LAW....we have laws already to protect the patients from retaliation , and the staffing of these facilities are still not going to open up if they are n't already due to job security .",18.0,88.0,53.0
Prepaid credit cards are actually a savings account and do not count as credit .,60.0,10.0,70.0
I confronted him about this and he shrugged it off .,35.0,65.0,57.0
It can be created on hair that is `` day old '' or older .,25.0,70.0,61.0
Rep. Michelle Bachman released a statement on Dede's resignation.,60.0,65.0,77.0
Powerful energy Vermont plan for 'smart' meters getting $69M: A Vermont plan to install electricity smart meters and other technologies to improve energy efficiency and reduce energy costs will receive nearly $70 million in stimulus money.,60.0,55.0,77.0
"If the goal is to have a pigeon turn in a circle to the left, a reward is given for any small movement to the left.",55.0,70.0,70.0
"According to the battery app, it's the display that's the most power hungry component: 51-percent of the power had been chomped through by that, with voice calls at 16-percent and the Android System itself accounting for 8-percent.",40.0,0.0,63.0
"George Hodges is a supporter of yours , as well as the "" major "" benefactor of the University of North Florida .",28.0,60.0,70.0
"Ms. Scozzafava told the Watertown Daily Times that Siena Research Institute poll numbers show her too far behind to catch up, and she lacks enough money to spend on advertising in the last three days to make a difference.",72.0,0.0,60.0
But in cyber cafe any kind of unauthorised person can use the pc .,20.0,50.0,30.0
"The President 's Executive Order 13217 calls for the "" implementation of the American with Disabilities Act 's ( ADA ) integration mandate .",72.0,75.0,96.0
Hidden Valley Ranch salad dressing truck !,70.0,85.0,10.0
Wow ... hiding behind chilldren .,12.0,0.0,10.0
Now you ' re forced to chase his ass down and take whats rightfully yours .,15.0,0.0,3.0
Have a support system ; it helps .,40.0,70.0,53.0
Also on Facebook here.,62.0,70.0,10.0
 And we 're going to have to work hard to do that . ,100.0,100.0,27.0
"Instead, Pelosi, Reid, and Obama threatened the health insurance industry Chicago-gangster-style, warning them to shut up or else.",25.0,70.0,47.0
It may even be that although we can understand all of this intellectually .,65.0,50.0,87.0
"Earlier in the week, President Obama announced the largest-ever investment in the nation's electric grid - more than $3.4 billion in grants distributed among 100 grantees.",72.0,70.0,70.0
A simple disagreement with my wife that regrettably involved the Jacksonville Sheriffs Office has all but destroyed a family .,28.0,65.0,67.0
Use oxy pads or another acne medicine .,15.0,100.0,30.0
"No me imagino como se sentiran los padres que tienen que poner a sus hijos en "" group homes "" o instituciones .",22.0,68.0,17.0
They also learn about the diseases themselves .,65.0,60.0,43.0
"No , never , best things I ever did .",12.0,85.0,20.0
Sorry that happened .,35.0,0.0,30.0
I wish there was any easy answer .,40.0,70.0,60.0
"Finally , the boy you sent the note to for me has made a full recovery and returned to school .",40.0,70.0,67.0
so I told her I 'd be in touch frequently to share updates with her .,15.0,75.0,62.0
then follow step 1 .,75.0,25.0,30.0
C6H12O6 +6 O2 --------- > Energy + 6O2 +6 H20,58.0,88.0,50.0
That 's the only bad thing .,15.0,0.0,47.0
And most of that programs are illegal anyway,60.0,0.0,37.0
All Idiots Die for Sex ! !,5.0,90.0,33.0
They 're not having much success with limited resurces .,15.0,0.0,50.0
Mark `` Rent - boy '' Renton : [ narrating ] Heroin makes you constipated .,25.0,0.0,13.0
Not just a purchase of a track but of an app that pulls consumers into an experience and further promotes user engagement and virality.,38.0,0.0,53.0
He later restored about one - third of that after an aggressive lobbying campaign by the colleges .,40.0,0.0,75.0
And all the best to you .,25.0,0.0,54.0
at 7:00 am ... i ' ll be here till then ...,12.0,95.0,33.0
Chocolate covered strawberries .,72.0,0.0,43.0
I think Monroe piercings are icky on anyone .,25.0,5.0,20.0
The total cost was $ 27 million and Jackson Memorial Hospital treated 576 people at a cost of $ 5 million .,65.0,70.0,70.0
2. What the hell isn't he talking about?,34.0,65.0,3.0
"Now , you can choose the best deal from the information you have gathered .",45.0,85.0,70.0
Repeat with remaining chicken .,65.0,60.0,39.0
"Battery life is the stand-out surprise at this stage, and we're especially enamored by Android 2.0's new gauges, which show what has been consuming the most power.",30.0,65.0,70.0
The lines between these different forms of media are quickly blurring and soon will be completely artificial.,60.0,65.0,53.0
he could like you,12.0,85.0,33.0
"Or, as the headline in the Philadelphia Business Journal has it: ""Reed Smith's New Personnel Policy Allows it to Ditch Automatic Pay Raises.""",62.0,60.0,63.0
"Take vitamins , eat right , and you ' ll be fine !",15.0,90.0,50.0
"For similar offers on the remainder of Apple's Mac product line, please see our full-fledged Mac Price Guide.",60.0,75.0,60.0
what kinds is it ?,15.0,65.0,23.0
"The latest models reverse the trend toward cheap displays and instead provide quality IPS (""in-plane switching"") panels that deliver the much improved color and wide, 178 degree viewing angles.",68.0,68.0,57.0
"Then type in msconfig , click OK .",70.0,50.0,25.0
Thanks Sandra .,40.0,60.0,30.0
"An alternative disposal method , transmutation , has been demonstrated at CERN for technetium-99 .",75.0,0.0,97.0
You ' ll need the licence plate and VIN number .,12.0,65.0,70.0
i used to love that stuff ! !,12.0,90.0,3.0
Seems this doctor is a family practitioner .,40.0,0.0,40.0
Internet file server ( ftp ) sites / 6 .,12.0,70.0,39.0
I do n't know u and i do n't have a problem with u,12.0,0.0,0.0
DeDe Scozzafava has dropped out of the NY-23 race.,68.0,70.0,63.0
Which society are you talking about ?,28.0,0.0,60.0
"Union membership needs to approve the deal, which will guarantee a Great White North presence for Ford until at least 2012.",45.0,70.0,40.0
"And she's ""learned what's important in life?""",20.0,0.0,20.0
These two facts grate on feminists.,20.0,70.0,37.0
"She has already incorporated local food into her diet, bikes occasionally, and champions sustainable fashion.",60.0,70.0,50.0
The researchers found that lupus nephritis rarely developed in the transplanted kidneys of these lupus patients; it occurred in 2.44% of individuals in the study.,85.0,0.0,70.0
"The Event will take place on Wednesday , November 12th .",72.0,65.0,60.0
"Based on the fastest-rising related terms [footie pajamas], [footed pajamas] and [max costume pattern], it seems like at least a few folks are choosing to make [max wolf suit] costumes at home:",35.0,25.0,57.0
I finger comb Straight Away through wet hair .,70.0,0.0,23.0
"Love Is A Wonderful Thing , Michael Bolton 50 .",20.0,0.0,50.0
I ' ll vote for the sexy lingerie,5.0,70.0,27.0
I wouldnt worry about it unless it stays there for more than 2 days .,15.0,10.0,43.0
four speed or three with an overdirve .,25.0,60.0,23.0
How 's that for some additional pressure ?,78.0,75.0,23.0
"UPDATE: Republican nominee for Congress Dede Scozzafava announced Saturday that she has dropped out of the race, according to the Watertown Daily Times.",70.0,70.0,63.0
My name is Tiffany Evans and I am a senior at Saint Augustine High School .,60.0,70.0,77.0
"Historically , there has been no US city more resiliant than New Orleans .",30.0,70.0,73.0
"It has long, deep relationships with the biggest advertisers online, as well as the community of developers writing the Internet's next act.",68.0,65.0,83.0
The Democrats have chosen symbolism over substance.,25.0,65.0,40.0
It feels more refined than the first version of Android on T-Mobile's G1 and it's certainly better than the muddled interface on Motorola's Cliq.,40.0,0.0,47.0
powdered sugar ( about 4 cups ) 2 pkg .,20.0,15.0,30.0
It costs nothing but creates much .,75.0,70.0,50.0
What kind of partner does she have ?,60.0,60.0,60.0
Yes when you are stressed or upset so is your baby,12.0,80.0,67.0
"Predictably, he said ""It was one of those wild coincidences.""",45.0,60.0,43.0
Buy a good filter .,70.0,60.0,47.0
"However , it can be detected as it impedes every reaction with which it come in contact .",30.0,65.0,94.0
"Governor Bush , you have just signed a bill permitting tax dollars to be used to send students from "" failing "" schools to the school of their choice , including religious schools .",40.0,65.0,80.0
He adds that Google isn't particularly experienced at hardware design and that its influence on the T-Mobile G1's hardware design is more a negative than a positive.,72.0,0.0,70.0
"Miss Summas thought she was making a point about how it does n't help to have 10 free points if you scored a 30--which a number of the kids did---but what message are they trying to send us ? """,26.0,70.0,53.0
what is the end result that you want ?,70.0,90.0,43.0
Seattle South Florida Tampa Bay Washington Wichita,15.0,75.0,33.0
3) We choose a winning 6-word story.,82.0,90.0,57.0
This is not about healthcare.,65.0,0.0,53.0
BlackBerry.net ),85.0,72.0,29.0
The system we live in is designed to make people want everything NOW .,20.0,75.0,57.0
"They are not looking much at Dr. Abdullah, because if he ultimately boycotts but there's a high turnout, then the election will have credibility, he said.",42.0,65.0,37.0
Hopefully you did n't just toss it .,18.0,65.0,27.0
She never even had to speak a word .,50.0,0.0,50.0
The song is called Unbelievable and it 's by Kaci Brown .,20.0,0.0,60.0
I like jeans and i only wear slippers in winter - animal slippers,15.0,0.0,13.0
360 : Muslimah .,15.0,0.0,44.0
Shame on your Realtor for not being available to you !,22.0,70.0,30.0
"All walks of life : George Best , for example .",30.0,0.0,60.0
"The amount of land required to generate electricity for the nation does sound like an awful lot, sometimes.",40.0,0.0,63.0
"I personally love Rascal Flatts , Joe Nichols , and Keith Urban .",28.0,85.0,43.0
What is a clot ?,45.0,65.0,53.0
Relationships between the Republican establishment in Washington and the conservative movement are in rubble.,60.0,0.0,73.0
"But even if Abdullah doesn't boycott, but President Karzai wins with a low turnout, it will not be a credible result.",40.0,0.0,70.0
These candidates can be of any stripe.,50.0,0.0,43.0
Perhaps you could think about working from home or being your own boss .,60.0,0.0,57.0
Yeah sure they are states so go with it .,12.0,0.0,29.0
"Above all, the web is shifting, from static pages to social media, from search to discovery, and the long-term leadership of that new web is still up for grabs.",50.0,60.0,60.0
I would have it checked just to be safe .,28.0,0.0,50.0
`` A Place in the Sun '' Performed by Gabe Dixon,75.0,95.0,58.0
do anything i want.help the envionment.play with ur famaly,8.0,0.0,7.0
` Maynard 's Dick ' by Maynard James Keenan or Tool .,15.0,60.0,50.0
How do we get the ball rolling ?,12.0,0.0,13.0
only if she likes you too if not do n't waist your time,20.0,40.0,3.0
of course silly .,5.0,85.0,23.0
Seriously ... it is very obvious that she is interested in you .,20.0,0.0,20.0
You might be going out and giving out to immature guys .,20.0,65.0,33.0
Wich is according to the exersise is not true .,19.0,0.0,13.0
The Humane Society estimates Americans own about 75 million dogs and 88 million cats.,68.0,82.0,57.0
"If the candidate is white and male (Doug Hoffman), great.",20.0,80.0,30.0
Skirts covered the knees .,40.0,0.0,47.0
I have recently been made aware that there is talk of piping an outlandish amount of water from the Suwannee River down to Tampa .,60.0,65.0,77.0
tell her parents .,63.0,90.0,7.0
"Nickelback , side of a bullet , rockstar , leader of men ,",20.0,0.0,20.0
my badge went to I - Hop ...,12.0,90.0,17.0
That may help u.,15.0,75.0,7.0
Slide doughnuts into the hot oil using a wide spatula .,35.0,60.0,67.0
"The tools are basic-you can crop, adjust exposure, saturation, and tint, among others, with some standard special effects like soft focus, colors and filters like ""warm vintage"" and pop-but using entirely swipe-based gestures as a virtual slider for how intensely or lightly the effect is applied is natural and easy",28.0,68.0,53.0
"Pearl Harbor was a disaster, like the Spanish Armada. Listen, son - you and I are professionals. If the manager says, 'Sacrifice,' we lay down a bunt, and let somebody else hit the home runs.",30.0,70.0,60.0
The other has Kansas City Chiefs and the other is Miami Gators .,80.0,100.0,23.0
"Now , a 7 month old cat is still a kitten and growing .",28.0,85.0,47.0
Will the amendment improve education ?,88.0,72.0,63.0
Self - realization is much easy then framing and execution of tricks .,25.0,0.0,71.0
"a true friend , Billie",12.0,60.0,12.0
"After Chanel's barnyard spring 2010 extravaganza, it's only natural for Vogue to hit the farm for November's environment issue.",25.0,0.0,63.0
The Early Intervention program proves that the corrective action is ineffectual as the Early Intervention program continues to fail to meet state policy and federal law .,60.0,70.0,77.0
then u can apply for USA Student Visa .,60.0,60.0,7.0
All of these definitely believe in God .,45.0,65.0,50.0
"`` I did not come to bring peace , but a sword . ''",72.0,60.0,60.0
# President Roosevelt once rode his horse 100 miles .,50.0,50.0,33.0
"and by the way , he murdered 32 not 31",40.0,90.0,23.0
"In closing , I stand ready to serve the citizens in my new capacity and you as the leader of this great state .",70.0,0.0,87.0
It is called Netwinner and it is kind of new .,25.0,75.0,50.0
"Robert W. Moffat Jr. was a longtime I.B.M. manager, who rose to become a senior vice president of the company in charge of its systems and technology group - chip manufacturing and server computers.",62.0,70.0,80.0
You design them on your computer and print them on your printer .,85.0,90.0,53.0
"However , on May 19th , it looks as though I will be appearing before the Judicial Nominating Committee regarding the open County Judge position and am waiting until that time to make further employment plans .",66.0,70.0,90.0
The school systems are superior to most I have seen and this may be one of the reasons .,40.0,0.0,73.0
